ImageId,PredictionString
ID_8a6e65317,16 0.254839 -2.57534 -3.10256 7.96539 3.20066 11.0225 56 0.181647 -1.46947 -3.12159 9.60332 4.66632 19.339 70 0.163072 -1.56865 -3.11754 10.39 11.2219 59.7825 70 0.141942 -3.1395 3.11969 -9.59236 5.13662 24.7337 46 0.163068 -2.08578 -3.11754 9.83335 13.2689 72.9323
ID_337ddc495,66 0.163988 0.192169 -3.12112 -3.17424 6.55331 31.4339 60 0.112482 -2.96307 3.13951 -14.7269 10.2077 54.8175 28 0.186114 0.35728 -3.10043 -7.49818 10.3112 54.032 66 0.0209679 0.218402 3.12213 -10.3531 11.2453 63.714 46 0.195428 -2.84778 -3.13394 -22.7711 13.0704 72.2694 70 0.195568 2.13627 -3.13969 -44.5869 11.2091 62.9879 2 0.112481 0.504593 3.13951 -24.6755 18.2973 104.288 50 0.112334 0.406024 3.13547 -22.1187 17.1767 94.0015
ID_a381bf4d0,43 0.162877 0.00519276 -3.02676 2.1876 3.53427 13.3436 51 0.158577 0.158274 -3.06328 2.07558 12.2943 65.3173 35 0.165934 0.608676 -3.11434 17.0381 9.29676 46.2082 18 0.203947 0.785978 -3.09077 8.91099 10.3547 53.1728 8 0.151796 0.39656 -3.04874 4.5926 8.39404 43.8599 35 0.168738 -3.07809 3.14156 -5.16107 3.31526 13.0684 16 0.153907 -3.10425 3.13187 -10.1679 4.77389 23.9775 46 0.198176 -3.05556 -3.12274 -5.78513 5.5546 28.7511 71 0.133551 -3.09861 3.13331 -13.5746 8.73601 46.872 46 0.19931 -2.96848 -3.03849 -15.1259 25.5187 149.73 16 0.158577 0.0501459 -3.06328 -0.327945 4.52108 20.3165 6 0.19946 0.22768 -3.03878 -3.32415 9.91577 53.6321 16 0.199314 0.0469982 -3.03849 -5.66794 14.0443 79.0041 16 0.199461 0.165179 -3.03878 -3.89758 15.2622 86.8372 46 0.199461 0.311656 -3.03879 -4.12993 21.3742 122.086 16 0.158577 -0.0785882 -3.06327 1.09611 12.5925 69.3307 2 0.199461 0.177558 -3.03878 -0.875121 21.4044 122.087 16 0.165931 -2.24401 -3.11434 19.0829 7.88789 37.2926 16 0.203947 0.29008 -3.09076 9.99355 9.19239 47.2033 16 0.158573 2.53113 -3.06328 3.59664 10.4137 55.5836 16 0.199461 0.0886425 -3.03878 -2.79895 19.487 112.592 16 0.153906 -3.06239 3.13187 -9.88157 3.35314 14.4199 16 0.133556 -3.00358 3.1333 -11.7902 6.30143 33.1739 2 0.133558 3.11855 3.1333 -14.4675 10.5948 59.7663 16 0.199312 -3.00664 -3.03849 -13.6237 20.406 119.344
ID_7c4a3e0aa,43 0.126957 -3.04442 -3.10883 -14.738 24.6389 143.13 46 0.126956 0.074548 -3.10883 -1.228 20.7252 115.017 46 0.126957 -0.168476 -3.10883 -1.77201 29.327 170.282
ID_8b510fad6,37 0.16017 0.00862796 -3.0887 -3.04548 3.4977 12.9646 40 0.0740393 0.00547091 -3.06445 -6.00684 3.97183 18.6098 51 0.190515 0.0287913 -3.0989 -9.98165 4.29859 20.9312 54 0.170477 -0.0433483 -3.14098 -15.8043 7.27552 40.8326 66 0.141994 -0.0665874 -3.08225 -9.03233 5.39682 30.4054 16 0.154922 -0.0851045 -3.10449 -8.8423 6.98108 39.3892 66 0.137141 0.0139718 -3.09444 -6.81517 7.26625 39.5457 27 0.137359 -0.177637 3.10229 1.54337 9.08205 50.8024 16 0.144877 -0.615654 -3.11001 5.92471 10.6381 59.8994 48 0.278034 1.76816 -3.12076 20.0647 15.0819 83.0043 50 0.0319758 0.0499883 3.13311 -13.77 8.5035 53.4142 16 0.13736 -0.0652638 3.10229 0.0163464 3.3991 12.7057 16 0.137141 -0.0172202 -3.09445 -2.95282 5.23185 25.5355 16 0.190515 0.0205141 -3.09891 -11.233 4.11676 21.1312 46 0.137141 -0.0914634 -3.09444 -4.40243 11.066 62.0631 46 0.137141 0.177821 -3.09444 -8.87623 12.7434 76.9787 16 0.13736 -0.099448 3.10228 0.386222 6.21047 30.8618 2 0.137359 -0.366862 3.10229 0.291282 7.0199 38.6946 16 0.13736 -0.0502545 3.10229 -3.35975 12.8781 76.522
ID_679502721,50 0.173958 1.6934 -3.07 17.2953 5.82861 22.8229 40 0.167619 -0.0552232 -2.94226 8.04911 4.41761 16.1444 35 0.188535 0.00566828 -3.1402 9.35166 8.05248 37.3562
ID_f681b269f,70 0.201977 -0.0482845 -3.07942 3.94442 5.67719 24.0584 70 0.173046 -0.0539203 -3.08921 -0.762997 6.4727 29.456 12 0.192354 2.8921 -3.14005 -5.33972 9.99278 49.9205 35 0.176967 3.09295 -3.13965 -5.30012 5.51387 24.2645 37 0.305862 1.50338 -3.10151 -14.8994 7.32562 36.2948 2 0.201977 0.00475977 -3.07941 8.51776 23.3942 121.891 46 0.173046 0.51032 -3.08921 -0.0649994 17.8863 93.5093 46 0.176972 3.11986 -3.13965 -10.2372 10.3533 52.9438 2 0.305865 3.13058 -3.10151 -5.29462 2.31415 7.77575
ID_2803cf7b5,8 0.172028 3.1064 -3.10087 -18.0211 4.98543 27.6988 46 0.197476 1.13231 3.14104 -19.2265 6.54345 37.0335 28 0.126736 0.105196 3.12778 14.588 5.88608 24.632 35 0.112837 0.0817151 3.11517 17.5575 16.0402 94.6429 16 0.197478 3.1086 3.14104 -19.3634 7.87032 44.6092 66 0.19271 0.77389 -3.0982 -19.3459 8.5851 49.8995 16 0.112837 0.207455 3.11516 7.41833 11.2064 64.5857 16 0.112837 -0.0252227 3.11517 -0.525428 6.42136 34.8198 18 0.112951 0.00758063 3.11566 -1.23575 13.4518 83.0377 2 0.112951 0.0215316 3.11566 2.68883 15.2462 95.1177
ID_89449e126,7 0.156087 -0.0318094 -3.06916 2.83965 2.2697 6.88953 70 0.198847 -3.05577 -3.10247 -12.926 4.87632 24.4547 35 0.167624 -3.115 -3.10558 -10.9598 5.41402 27.214 35 0.164539 -3.10416 -3.09685 -12.2429 8.00756 42.7122 71 0.147179 3.13446 3.12029 -12.7888 9.44524 51.3388 61 0.0413756 1.22884 -3.01464 -12.5389 10.4515 61.6348 46 0.0413758 0.194289 -3.01464 -1.09298 20.3787 117.595 16 0.0413758 0.0175773 -3.01464 2.17089 23.217 135.801
ID_2ad1fc1b3,28 0.1514 0.0071941 -3.10048 2.94173 8.31218 42.174 70 0.084422 0.0202487 -3.08525 0.420349 12.4807 71.0847 8 0.157228 3.10853 -3.12575 -12.5613 8.67351 50.9434 71 0.157509 3.07502 3.12739 -13.4003 6.25097 34.134 27 0.140114 3.07486 3.1233 -15.1264 5.91272 30.9138 23 0.156063 3.14082 -3.13545 -16.8097 5.30608 26.5743 16 0.151401 -0.0573303 -3.10047 7.18157 12.53 69.851 16 0.1514 -0.158367 -3.10047 3.38366 10.136 55.711 46 0.0844232 -1.76705 -3.08525 -6.02836 23.0206 139.3 16 0.157229 -3.13504 -3.12575 -12.1132 7.56391 42.5826 46 0.157229 3.05408 -3.12575 -14.4787 8.04806 44.6074 16 0.140119 2.9977 3.1233 -18.0226 6.03216 35.5533
ID_dfbcb7cbf,71 0.192845 -2.00126 -3.11588 -23.6479 6.42685 34.4336 46 0.192848 0.297939 -3.11589 2.20848 18.2564 104.341 2 0.192845 2.27025 -3.11589 -24.8907 10.4905 65.1451 7 0.193849 -0.917211 -3.12519 -28.1337 7.98518 48.2766 46 0.193848 -1.90302 -3.12519 -26.1341 7.14289 43.293 16 0.19385 -0.543077 -3.1252 -20.8158 5.19586 29.8138
ID_b21f7184c,8 0.155993 3.11891 -3.09448 -10.0228 3.66945 18.1625 35 0.129429 -3.13393 -3.13044 -10.5642 5.07019 25.2626 12 0.113821 3.04839 -3.0982 -9.9081 5.50442 29.6672 27 0.134653 -3.14023 -3.12076 -10.7511 7.59783 43.8938 28 0.157964 0.0646406 -3.09944 6.8113 10.8315 61.7789 16 0.155991 3.13637 -3.09448 -9.4895 2.84911 11.7673 16 0.134652 3.13992 -3.12076 -9.37259 5.81899 32.7442 46 0.134646 3.13125 -3.12076 -11.7803 8.88794 53.3487 46 0.134648 -2.55637 -3.12076 -21.6627 19.974 122.089
ID_726e547e6,70 0.161419 -0.0622336 -3.09756 -3.31997 5.36818 24.6027 66 0.168438 3.11582 -3.13668 -9.18223 4.42888 20.3507 46 0.118643 -3.12892 -3.09985 -11.3407 7.31536 39.9163 43 0.150758 0.0282375 -3.12895 11.2707 9.52141 46.869 51 0.143216 -3.085 -3.11268 -28.9974 9.05758 50.8906 6 0.196633 0.829181 -3.13755 -21.8586 7.76733 44.9073 16 0.161419 0.0145965 -3.09756 -3.52556 12.1134 67.9926 2 0.118638 3.133 -3.09985 -8.01833 7.50693 40.0828 2 0.150757 -0.0155416 -3.12896 11.5394 10.6492 53.5248 16 0.150758 0.00217477 -3.12896 10.9396 10.8289 55.0449 6 0.150755 0.261898 -3.12893 13.3511 16.5154 85.649 6 0.142461 3.00754 -3.10914 -24.8315 5.79934 33.0673 6 0.117278 3.09007 -3.09615 -13.9212 6.6687 34.94 16 0.150758 -0.102485 -3.12895 10.7717 4.03203 14.7645
ID_f0fca07ab,37 0.12618 -3.12722 -3.09636 -10.0779 4.67114 21.4082 9 0.12618 -3.12722 -3.09636 -10.035 5.53279 26.9981 23 0.12484 3.10964 -3.11612 -4.44528 5.51042 24.1124 76 0.148992 3.09944 -3.11386 -8.65394 11.0346 58.6486 70 0.180189 3.09472 -3.11271 -10.9719 17.5953 100.035 28 0.159156 -0.0378222 -3.11395 4.36667 9.26014 45.9243 61 0.17539 0.0500157 -3.08122 4.4757 6.97236 31.3725 6 0.12611 1.17633 -3.09617 -31.3975 7.62531 45.0678 2 0.148989 3.12359 -3.11386 -9.80113 11.0124 61.8146 51 0.159529 -0.0460845 -3.11621 3.21532 22.1598 124.952 46 0.159529 -0.0244222 -3.11622 4.40554 13.4949 74.7078 16 0.159529 -0.107818 -3.11622 3.68409 9.32276 48.8444 46 0.175388 -1.60131 -3.08122 16.6862 8.92576 45.7833 2 0.17539 0.687873 -3.08122 17.1948 6.05485 30.8078
ID_61e1898df,76 0.186786 -0.00485536 -3.05507 -22.6649 5.21507 34.3638 9 0.196405 0.0178844 -3.12182 -26.8629 8.91116 55.9251 9 0.151111 -0.132866 -3.11648 -16.8666 6.9917 42.4959 54 0.152621 -0.00106104 -3.10478 -5.63356 4.17646 19.0819 61 0.130513 -0.0388851 -3.04685 -6.04538 6.73004 35.3751 61 0.191484 0.000288525 3.10689 -6.39757 9.58905 53.2886 66 0.19403 0.01949 -3.08085 -2.01783 4.56572 20.0689 16 0.19403 0.0167701 -3.08085 -2.40984 12.4543 69.169 16 0.19403 -0.00658495 -3.08085 0.443387 10.7478 57.6807 16 0.19403 -0.598369 -3.08085 11.4128 13.3259 69.8824
ID_7f13c4118,35 0.155601 -3.0666 -3.12739 -9.96192 3.74923 16.1667 35 0.168826 -3.05687 -3.13329 -9.71358 4.64836 22.2958 71 0.14568 3.11718 3.06917 -11.3886 6.30126 31.5432 16 0.174107 -3.04766 -3.10726 -9.50412 5.86577 31.2808 46 0.160793 -3.09256 3.06199 -11.5937 8.25406 45.7331 8 0.249684 0.393478 -3.10994 -9.59148 7.11822 41.7602 18 0.164727 3.07823 -3.13975 -12.8245 13.9858 81.1565 14 0.134153 2.99846 3.1158 -9.7937 13.053 78.4193 18 0.294526 -3.05369 3.10315 14.5095 5.03518 21.025 16 0.164734 3.08958 -3.13975 -10.0664 9.02869 51.6796 16 0.134983 0.0517819 -3.10627 0.539533 11.5411 67.4776 46 0.135934 0.0517887 -3.09975 -0.984389 6.36872 33.2251 46 0.134157 -0.931555 3.1158 6.84379 9.44033 54.1543 46 0.134157 -0.420457 3.11579 7.1639 9.46534 51.4316 46 0.134156 -2.30084 3.1158 17.0232 9.8632 52.6112
ID_9fb79f7dd,66 0.144108 -3.09974 -3.11955 -11.5501 4.22473 19.9233 35 0.160998 -3.10349 -3.12079 -7.54007 5.52267 27.1017 40 0.171263 0.0249349 -3.01807 2.77003 8.01522 39.633 16 0.171263 0.0452007 -3.01808 -0.0458151 5.57066 27.9255 46 0.171263 0.2991 -3.01807 -4.94559 13.6696 72.9706 16 0.171263 0.0554675 -3.01807 2.42323 12.7267 64.8305
ID_85e8c4d85,66 0.14633 3.11203 3.14011 -4.51562 2.93772 10.4129 18 0.327062 0.380149 -3.13702 -4.32409 3.80608 17.5274 66 0.142727 3.11904 3.12977 -4.00379 5.28398 25.6852 46 0.243106 3.12958 3.14145 -4.72469 7.51649 40.3377 7 0.163403 -3.10818 -3.07654 -3.74549 13.8997 78.9111 71 0.145144 -0.000983173 -3.06814 5.05276 6.70262 33.0856 46 0.243106 3.09476 3.14145 -5.14066 9.88294 54.6817 46 0.243103 3.05843 3.14145 -4.75965 11.5505 65.0065 46 0.243099 -3.13618 3.14145 -5.06495 14.5794 82.3865 16 0.145145 0.0322483 -3.06814 4.2513 6.84175 34.3869 16 0.145144 -0.0157584 -3.06814 4.77047 12.9284 71.3639
ID_63ed0ec41,37 0.142653 -3.10794 -3.10915 -14.1563 5.70828 25.2236 48 0.165713 3.12601 3.10338 -18.6633 6.40147 29.9582 35 0.164525 -3.11497 -3.10182 -13.5546 8.84637 44.746 25 0.114689 3.10557 -3.13341 -19.5081 11.0772 59.1466 46 0.247652 -3.08575 -3.11814 -16.521 17.0355 95.2748 12 0.200852 0.0467634 -3.08799 4.56551 10.5685 54.2687 28 0.101281 0.0325452 -3.08249 0.559845 12.8113 71.7938 66 0.165669 0.0379598 -3.10621 4.39017 19.5813 109.62 46 0.16571 3.1097 3.10338 -31.367 8.79792 48.0189 16 0.114683 3.14089 -3.13341 -19.3183 9.88709 53.8386
ID_5ce45c160,28 0.132253 0.00598696 -3.10733 3.51256 10.3772 54.8613 2 0.132252 0.014004 -3.10734 -0.153567 15.2782 87.5985 16 0.132253 -0.0313045 -3.10733 2.23673 16.9143 99.2496 46 0.132252 -0.0291608 -3.10733 -0.52722 38.9134 240.256 46 0.132251 -3.13675 -3.10733 -9.28175 38.3361 239.097
ID_99379b1d0,35 0.139387 -2.3485 -3.12081 -18.7452 6.53745 35.5531 35 0.205325 0.0881625 -3.10393 -4.3012 16.7128 99.5487 37 0.117644 0.0024469 -3.11691 -0.0753555 3.97134 16.6552 28 0.170694 0.00925354 -3.11862 0.551508 2.95524 9.43687 8 0.161095 -0.0170103 -3.03391 3.85575 4.53045 19.0845 51 0.135501 0.0198831 -3.12312 4.06541 3.80093 13.6365 16 0.1355 -0.0293156 -3.12311 6.56683 4.22704 17.2197 46 0.135501 0.0946874 -3.12311 3.95499 2.7144 6.64666
ID_2199b4c9f,28 0.155132 0.0242473 -3.10521 13.001 6.17376 24.5893 76 0.184412 0.0626068 -3.13476 13.0326 7.06281 30.4849 6 0.137191 0.118477 -3.08835 12.7277 9.66306 46.0027 70 0.127021 -0.0497845 -3.07717 -3.84452 9.58209 50.3623 12 0.232119 -3.07591 -3.10717 -22.4821 9.15248 50.5929 27 0.153952 -3.09416 -3.10592 -25.3169 11.1547 62.8154 8 0.155488 3.11498 -3.08441 -22.8736 10.7396 61.8381 46 0.137191 0.0554617 -3.08834 8.13358 14.5213 78.5055 16 0.137191 0.0260739 -3.08835 11.7161 22.2478 122.725 46 0.137192 0.203962 -3.08834 4.07775 23.0793 127.603 16 0.137191 -0.0591498 -3.08834 0.509562 12.6247 68.1804 16 0.137191 0.017213 -3.08834 -1.43053 18.6704 105.432 46 0.137191 0.338643 -3.08834 -5.1981 18.3403 105.53 6 0.23272 -3.10849 -3.11156 -22.9222 5.87239 31.1808 46 0.232121 3.03735 -3.10717 -30.5006 10.1628 55.3768 46 0.127023 -3.0882 -3.07717 -17.2562 26.9475 156.414 16 0.127017 -3.02867 -3.07717 -12.3427 22.7656 133.131
ID_4daffefa0,32 0.184544 0.0377797 -3.09966 3.05318 5.81333 23.0951 25 0.141114 -0.0232245 -3.09532 13.2324 6.98404 32.0515 8 0.130243 0.00878126 -3.06174 12.0665 9.89488 51.3846 2 0.184544 -0.0181863 -3.09966 2.09032 10.1681 52.379 46 0.130242 -0.188067 -3.06174 16.0918 15.0207 79.3713 16 0.184544 -0.0153972 -3.09966 -4.16652 12.099 66.4049
ID_c754c08ad,28 0.149658 0.0154765 -3.06762 4.46421 3.37838 10.5721 51 0.161289 0.0354782 -3.11247 4.87051 4.86971 18.9298 8 0.161228 0.012733 -3.0491 4.44074 5.41618 23.5687 66 0.138068 -3.09883 -3.07354 -3.49995 2.57306 7.98033 25 0.132145 -3.07531 3.13301 -9.47565 5.43769 28.7715 25 0.139204 -3.10369 3.12823 -8.72205 6.88649 36.2367 9 0.178144 -3.11157 -3.11281 -5.16487 9.37294 51.6736 9 0.0670965 3.11964 3.12976 -7.91766 21.1654 124.898 46 0.161228 0.111162 -3.04911 5.15489 7.70685 34.7659 46 0.132145 3.10296 3.13301 -11.9031 6.27868 30.4061 2 0.0670955 0.0506179 3.12976 1.4388 31.7789 190.099 46 0.178148 3.03555 -3.11281 -12.1945 17.0076 98.264 2 0.0670955 -0.0362283 3.12976 4.35048 11.864 65.6278 46 0.13921 -3.1352 3.12823 -10.3261 8.65079 48.5182
ID_1fa17ae03,70 0.151985 -0.0339911 -3.09102 -1.92387 5.39001 26.6581 28 0.149982 0.442304 -3.1082 7.90103 10.7501 56.0437 16 0.149982 -0.016403 -3.1082 12.2678 4.46392 17.67 16 0.151985 0.00343468 -3.09102 -0.34464 7.17599 36.1374 16 0.151985 -0.0281409 -3.09102 -1.57034 11.5364 63.2166
ID_710229144,70 0.153541 -0.011019 -3.08825 13.9829 5.87362 26.1465 18 0.142482 0.0948199 -3.08165 15.5788 7.77377 36.0678 35 0.128458 0.0551604 -3.03211 13.4543 7.93966 38.8328 31 0.149198 0.0188457 -3.09481 14.1823 9.17566 47.0715 40 0.139596 -0.0101875 -3.10975 13.2195 10.4286 56.5835 9 0.116425 0.036497 -3.10158 15.4594 13.1118 73.8938 28 0.134182 -0.0577963 -3.03939 -5.39845 4.7866 22.1576 16 0.116425 -0.136356 -3.10158 11.8656 15.3263 91.383 16 0.116426 -0.0560143 -3.10159 8.87268 14.8978 91.3369 2 0.116426 0.0943292 -3.10159 -4.73896 18.5488 108.819 46 0.116425 0.137649 -3.10159 -4.19806 12.819 73.5684 2 0.134182 -0.220131 -3.03939 -20.402 5.06746 29.2303 16 0.134182 -0.0167437 -3.03939 -12.7093 7.00826 40.9067 46 0.134182 -0.0896828 -3.03939 -20.8645 10.1186 62.6041 46 0.134182 -0.206533 -3.03939 -25.5417 11.4343 72.1044 16 0.134183 0.129677 -3.03939 -24.9201 14.2171 87.8273
ID_5116e4436,43 0.0405114 3.13381 -3.11083 -3.9307 9.34674 52.1849 27 0.219637 -3.05521 -3.14144 -9.5728 10.4458 55.9198 25 0.142956 -3.08136 -3.11602 -8.19737 3.19048 14.3134 28 0.0876924 0.0602068 -3.0371 6.15431 3.75247 12.3962 35 0.150189 0.0785905 -3.00382 5.75892 4.55968 17.8974 25 0.143736 0.0133855 -3.02577 5.46412 10.1387 52.2599 27 0.107534 -3.1032 3.14029 -7.51257 27.8192 153.804 46 0.0876924 0.0602068 -3.0371 0.146442 4.63954 20.2999 46 0.219635 3.03658 -3.14144 -12.6672 15.4968 84.6212
ID_2e52a8a89,28 0.160752 -0.00108122 -3.08248 2.97458 3.87341 14.0199 25 0.145356 -0.0257381 -3.07295 6.4975 4.05633 14.7856 46 0.13263 0.0148541 3.09961 3.10335 5.04063 21.3494 51 0.155108 0.0149074 -3.05944 6.1942 6.03109 27.4528 35 0.14007 1.93482 -3.11477 10.2477 11.8507 65.9189 12 0.126349 -1.34681 -3.13793 16.4263 10.98 58.9787 47 0.148654 -1.41014 -3.09809 -31 10.742 64.7293 16 0.14212 0.682104 3.13055 15.3255 10.6239 58.5352 70 0.133777 0.048471 3.10344 3.4713 6.61314 30.8575 2 0.133776 -2.14771 3.10344 3.57042 8.84357 49.2868 16 0.133776 2.32631 3.10343 2.47849 9.16732 52.8687 50 0.150682 -1.43538 -3.10581 -29.094 8.21631 49.254
ID_34121bb7d,28 0.170231 -0.0269025 -3.09406 -22.812 6.23093 34.5899 40 0.0722323 -0.0383537 -3.04633 -20.6182 13.0613 72.9315 19 0.157257 -0.0480315 -3.11681 -7.1697 7.10211 37.1554 70 0.144331 -0.0129175 -3.07231 -4.37775 8.76604 44.6611 46 0.0722323 -0.103466 -3.04633 -8.09836 4.09762 20.1079 16 0.0722323 -0.0968478 -3.04633 -25.8124 9.30247 54.9122 16 0.144331 0.059708 -3.07232 -0.782531 8.65987 42.826
ID_a6ba74499,31 0.1116 -3.07961 -3.08977 -25.0124 10.4678 61.2945 35 0.17616 -3.11684 -3.12012 -8.09971 5.16873 24.2811 61 0.0626136 0.0585886 3.13148 2.30896 3.3684 13.0173 35 0.154785 0.089122 -3.11241 12.3175 7.4193 32.5121 66 0.14334 0.19328 -3.01846 15.3846 11.6076 56.9277 46 0.10796 0.131191 -3.12608 9.65449 12.8618 68.8523 16 0.111607 -3.07237 -3.08977 -9.54285 4.31659 20.8045 16 0.111598 -3.07252 -3.08977 -29.0655 13.218 76.5821 6 0.108983 3.02734 -3.08444 -26.7082 13.0058 75.3533 16 0.176154 -3.10013 -3.12012 -7.55097 5.71642 28.912 16 0.14334 0.0428301 -3.01846 10.5202 7.1147 32.5549 46 0.107959 0.522238 -3.12607 23.4713 28.9399 155.397
ID_0a0980d15,25 0.125635 -0.0119242 -3.11352 -3.54897 6.71652 35.2424 70 0.165364 -0.108763 -3.08604 -1.37559 3.65416 14.3717 40 0.184425 0.0105255 -3.11841 -6.20514 3.18115 12.2982 25 0.139418 0.00766688 -3.09761 -27.4712 6.70299 41.8338 28 0.14782 -0.00306222 -3.09897 -21.5575 7.53597 45.3791 28 0.137566 -0.016845 -3.11006 -19.3635 8.14291 47.7687 37 0.152077 -0.00404726 -3.06162 -24.7565 10.5398 66.3448 28 0.15756 -0.014299 -3.09825 -21.8529 11.9831 73.9464 16 0.125636 -0.000890334 -3.11352 0.11112 17.7491 103.812 46 0.125636 0.245565 -3.11352 -3.48455 11.1174 63.4739 46 0.15756 -0.0635203 -3.09825 -24.7271 15.6051 98.9738
ID_3fea5815f,70 0.158032 3.1297 -3.07443 -9.00777 3.66072 17.217 47 0.132693 -2.72333 -3.08911 -6.54221 4.57084 20.3585 43 0.0949913 -3.08318 -3.13519 -12.9544 10.6001 59.9829 31 0.190841 0.284031 -3.14023 -11.8487 12.8542 74.3309 23 0.201356 -2.90097 -3.1008 -14.0934 12.4875 70.8033
ID_12e94fdaf,35 0.159138 -3.12773 3.11914 -10.8561 4.07005 16.5209 37 0.126049 -3.01834 -3.1265 -11.5374 5.15045 23.6341 71 0.148567 -3.05618 3.13585 -11.487 6.03094 29.5285 71 0.16029 -3.07573 3.13876 -10.8936 6.28432 32.1438 28 0.146449 3.05574 -3.13291 -13.1028 11.2512 59.4672 43 0.131993 3.11131 -3.08237 -10.9068 12.2811 68.8875 12 0.162568 3.07787 3.13092 -8.87781 15.6578 88.6154 12 0.219132 0.0625497 -3.08702 4.15003 6.77398 33.2545 46 0.146451 3.03138 -3.13291 -14.1262 9.90478 51.1408 46 0.131991 3.0381 -3.08237 -14.6087 15.4128 84.3369 6 0.131976 3.0854 -3.08233 -10.6851 13.0449 73.2944 16 0.131978 3.01017 -3.08233 -9.97508 14.0417 78.6457 16 0.162558 3.06542 3.13092 -9.57317 14.9236 83.4763 16 0.162563 -0.132943 3.13092 -0.443984 11.8982 65.132 16 0.162563 0.00343621 3.13091 -1.75801 5.75135 28.2518 2 0.219132 -0.5124 -3.08702 4.72835 8.23486 43.4419
ID_472783441,28 0.134777 0.0513338 -3.05286 -30.6698 8.2047 49.8002 37 0.144649 -3.10743 -3.04633 -30.1407 9.06963 56.4017 28 0.177735 0.0781858 -3.13013 7.22296 6.994 32.7822 70 0.141836 0.0436193 -3.0807 14.5979 9.19059 46.8042 50 0.203691 0.0304372 -3.01955 13.012 12.5031 68.6696 2 0.141836 -0.0241034 -3.0807 14.4986 5.11852 22.0507 16 0.14465 -3.13559 -3.04633 -21.9007 7.29111 45.5994
ID_7062c0625,35 0.151848 3.11716 -3.12976 -9.01901 3.59555 14.7266 37 0.153004 -3.11142 -3.09945 -5.47628 3.90285 16.0671 37 0.100747 -3.02486 -3.10072 -23.1253 18.7881 109.918 16 0.1471 -0.0446931 -3.12577 3.48816 3.20863 10.506 35 0.182018 0.0410465 -3.09783 10.7348 11.6198 57.9032 46 0.163157 0.0307369 -3.09229 10.3853 15.3437 77.8719 31 0.0277692 -3.1258 -3.11354 -9.77705 20.4442 118.925 2 0.1471 0.13797 -3.12576 6.01492 4.48113 17.4436 16 0.1471 -1.08134 -3.12577 10.5497 5.52977 22.9615 16 0.147101 -1.0624 -3.12576 9.0744 5.84867 25.4824 16 0.147101 -1.09736 -3.12577 10.5711 7.24492 32.5301 46 0.163157 -0.103381 -3.09229 7.5522 16.0727 84.6193 2 0.163157 0.036194 -3.09229 5.94025 15.9983 86.3201 46 0.163157 0.149077 -3.09229 5.8261 20.2429 112.15 46 0.163157 0.111594 -3.09229 -0.636379 15.944 86.0482
ID_e487d2c5b,6 0.0803053 -0.0410217 -3.07036 -12.5995 6.15412 34.4012 71 0.153591 0.0285992 -3.09959 -5.61809 4.64472 21.67 61 0.131878 0.0816741 -3.04671 -7.23939 7.20259 38.1529 51 0.133046 -0.10118 -3.12141 -23.1103 12.2762 73.1426 47 0.163376 -0.0246973 -3.06186 -25.7745 14.7138 90.0413 27 0.141489 0.0793715 -3.08037 -9.05361 12.4134 70.9398 66 0.143434 0.00924619 -3.07252 4.46936 14.5949 77.7166 28 0.124533 0.308055 -3.10977 15.9983 10.2569 48.6354 46 0.131878 0.295957 -3.04671 -26.8507 19.6095 123.211 16 0.141489 0.0239346 -3.08037 -8.86278 15.5089 90.3247 16 0.143434 -0.0251329 -3.07252 -0.816485 7.39714 37.6472 16 0.143435 -0.0108031 -3.07252 3.45863 19.5753 112.453 16 0.143434 -0.0392292 -3.07252 -0.527091 18.642 109.219 2 0.124534 -1.41281 -3.10976 22.1122 10.1613 48.6788
ID_68f992ea1,28 0.160245 0.032025 3.09855 -3.21363 3.22741 10.891 66 0.145263 -3.06076 3.07425 -13.0603 5.44122 24.5199 71 0.0712285 -3.11553 3.08417 -11.9144 5.85066 29.7693 54 0.153937 3.06417 3.10974 -13.5954 8.93386 45.6511 6 0.153278 -0.00174895 3.10668 -5.25043 11.7142 66.3742 2 0.145266 -3.11108 3.07425 -11.198 3.68674 15.7394
ID_9bd2e72b9,28 0.124149 0.0109254 -3.14029 3.31002 4.56886 19.1948 28 0.158375 -0.0173948 -3.08285 -3.40394 2.92631 10.2787 70 0.172748 -0.00825322 -3.07132 -3.00607 3.64039 17.18 35 0.144808 0.0477543 -3.10869 13.0827 5.54988 22.6217 35 0.181524 0.0215717 -3.02575 12.5214 6.21447 26.9846 70 0.185339 0.0432006 -3.09306 15.017 9.25993 45.3988 54 0.171797 0.049938 -3.07042 13.454 9.18306 47.0978 70 0.181695 -0.036065 -2.98468 14.1189 10.5945 55.3517 25 0.179829 -3.12932 -3.11585 -10.6515 15.5386 100.892 37 0.118872 -3.1186 -3.12628 -10.6936 7.005 41.312 37 0.153625 -3.10051 3.13811 -11.0984 5.77247 32.9178 25 0.147984 -3.06069 3.13137 -13.5316 5.64014 32.2013 25 0.150825 -3.08159 -3.12845 -21.9195 5.26074 32.0236 35 0.105581 1.63245 -3.0956 -38.787 8.86121 64.3373 46 0.124149 -0.128778 -3.14029 0.235704 2.84474 10.1099 2 0.144809 0.0860532 -3.10869 12.4257 4.28823 16.0986 16 0.185339 0.0198906 -3.09306 11.8906 6.53944 30.8494 46 0.17983 -3.11499 -3.11585 -8.535 10.8629 64.6367 2 0.147986 3.12662 3.13137 -23.3181 7.32263 44.9636 16 0.105581 3.05863 -3.0956 -24.0726 6.79086 40.8049 66 0.149924 1.19816 -3.12048 -56.6723 10.2471 76.7038 16 0.150824 0.852573 -3.12845 -42.5903 8.28867 61.6758 16 0.150819 1.60344 -3.12845 -42.0598 8.55897 61.9645 16 0.10558 1.20625 -3.0956 -49.6106 11.981 88.4384
ID_7602c2067,28 0.17146 0.0571003 -3.09523 -4.01437 3.83787 13.5107 28 0.128661 0.0754058 -3.06914 -15.5536 6.86933 33.2424 6 0.168858 0.0862458 3.13246 -13.9002 5.37238 24.476 16 0.168858 0.133996 3.13245 -2.8491 1.81805 3.41354 16 0.128661 0.037233 -3.06914 -6.83291 4.39634 18.864 16 0.128661 0.0159217 -3.06914 -11.7604 6.25054 29.1806 47 0.129971 -3.08284 -3.07154 -33.0554 11.9927 62.7749 46 0.128661 0.0259694 -3.06914 -18.5961 10.6686 54.0788 2 0.128661 0.35216 -3.06914 -11.6277 7.72116 39.8726 2 0.128661 0.205187 -3.06915 -8.78716 6.60014 32.8868 16 0.128661 0.113713 -3.06914 -3.93629 4.58967 19.2478 16 0.128661 0.167611 -3.06915 -8.86631 9.4724 49.4743 47 0.128695 -3.05331 -3.0692 -26.3909 14.9493 80.13 16 0.128661 -0.612154 -3.06914 9.90722 14.9762 72.9533
ID_e206c8c53,37 0.160146 0.047957 -3.09078 -5.36635 6.71219 33.3812 70 0.179377 2.03376 -3.11552 31.7656 11.5168 53.5942 66 0.172744 -3.10741 -3.11208 -16.9932 8.07375 43.9375 9 0.0421137 -3.10451 -3.12069 -22.7944 12.0317 69.878 46 0.166617 3.13363 -3.07117 -18.6781 11.1534 62.6445 12 0.204594 -3.12791 3.13828 -15.4689 10.2621 58.411 25 0.169742 -3.10685 -3.1409 -13.054 10.0327 55.7731 16 0.160146 0.0849216 -3.09078 -1.35695 5.13026 23.9996 16 0.160145 -0.0846015 -3.09078 -5.00163 11.2514 60.1125 46 0.169746 3.09432 -3.1409 -19.0587 15.8108 89.781
ID_648c471c2,31 0.0999469 3.13084 -3.06134 -3.61355 2.75088 9.3133 6 0.16679 -0.766963 -3.10078 12.8072 8.66572 43.14 35 0.211331 -2.55093 -3.07308 -9.29566 6.80846 38.0662 50 0.12754 1.57602 -3.11062 22.028 8.24852 35.2826 16 0.211335 -0.0144209 -3.07307 0.210077 4.26561 18.6507 16 0.0999464 1.09036 -3.06135 -23.4359 5.14991 33.2626 16 0.0999448 1.4576 -3.06135 -20.9039 4.87186 30.6666 46 0.0999446 1.62795 -3.06134 -19.4713 4.66129 30.5175 46 0.0999478 -2.33063 -3.06135 -46.2001 13.7208 83.6755
ID_f0519289e,28 0.132356 0.0649697 -3.09215 -5.81938 3.4501 14.9253 31 0.110025 0.123689 -3.07886 -4.37788 6.11958 32.8219 9 0.122686 -0.0727196 3.11683 -23.0586 6.73009 45.011 16 0.110025 0.0028324 -3.07886 -6.55091 11.2461 70.6084 46 0.122686 -0.0301129 3.11684 -36.3677 10.6871 76.4922 2 0.122686 0.136744 3.11684 -30.0283 8.61095 64.2335 16 0.132356 0.117267 -3.09215 -39.3546 17.189 127.075
ID_7b4ad0c54,6 0.128995 -3.07929 3.12796 -24.3754 5.56428 36.2372 61 0.231854 -1.90859 -3.01492 -0.652105 8.77097 46.4089 76 0.0994858 -0.689491 -3.11313 0.780102 8.30482 44.2405 9 0.229676 2.36261 -3.01021 3.07385 8.72189 44.2041 28 0.171854 0.246641 -3.12842 19.6123 10.5396 53.0348 18 0.188234 1.92406 -3.10268 18.5638 8.78919 42.1255 46 0.229672 1.17797 -3.01021 3.93734 6.04844 26.9212 16 0.171854 1.19262 -3.12842 9.4577 7.6954 38.3704 46 0.188236 1.81932 -3.10268 19.754 6.45374 25.7466
ID_cfd1eec3e,28 0.124254 -0.0102455 -3.08921 -3.52897 2.78214 9.15651 28 0.151835 -0.0735805 -3.09316 -1.34508 5.75325 27.085 28 0.162533 -0.0392439 3.13406 10.8929 4.88588 16.7239 61 0.148902 -0.127011 -3.08246 10.8331 6.87055 30.5903 70 0.164292 -0.0432753 -3.03176 11.0139 8.05638 37.7537 35 0.11265 0.0465017 3.03926 13.4985 12.94 66.0171 43 0.161478 -0.232509 -3.09145 -7.40745 17.7192 103.38 46 0.112651 0.0399917 3.03925 12.1375 10.4565 51.4453 16 0.151835 -0.0932982 -3.09317 4.33993 13.4964 74.3564 16 0.151835 -0.0753975 -3.09316 5.3407 18.7052 106.673 46 0.151835 0.194348 -3.09316 5.80535 24.9866 146.456 16 0.151835 -0.0150228 -3.09317 -2.20745 10.4676 57.8499 16 0.151835 0.0110599 -3.09316 -1.06291 13.9672 79.5785 16 0.151835 -0.18184 -3.09317 -4.84258 18.4949 107.919
ID_7739b8ae1,70 0.135409 0.000922195 -3.11599 -2.85222 3.57773 13.5189 70 0.266116 2.26168 -3.06034 12.273 6.12997 26.7627 18 0.187929 0.068818 -3.07801 14.773 8.76519 39.2957 18 0.157278 0.0555983 -3.08595 14.2923 9.63595 44.8858 16 0.168454 0.0875234 -3.09356 11.274 8.58276 41.4373 6 0.172167 0.0551028 -3.12711 3.00639 8.19734 41.2944 25 0.153121 -3.12941 -3.11642 -16.4212 15.0856 89.1712 25 0.0651099 -2.94291 -3.13815 -23.7981 11.3075 67.3302 9 0.143523 -3.08597 -3.12486 -25.663 10.7943 62.4138 46 0.266116 0.876629 -3.06034 21.3351 8.36956 30.9096 6 0.168105 0.0522022 -3.09234 11.2671 9.38202 46.9094 48 0.169502 0.187324 -3.09743 13.0035 13.1489 68.5096 43 0.166334 0.00398441 -3.08661 10.7015 16.147 87.5407 46 0.172167 0.0211864 -3.1271 3.69341 8.33884 41.4857 16 0.172167 -0.0669362 -3.12711 1.11119 19.4476 111.997 16 0.172168 -0.158004 -3.12711 2.79323 12.506 68.1426 46 0.169502 0.738803 -3.09743 23.8072 28.0955 146.881 46 0.15312 -3.10476 -3.11642 -34.4572 21.696 129.366 46 0.153117 3.00648 -3.11642 -34.2807 19.5445 116.687 16 0.153118 -3.06073 -3.11642 -22.9561 12.1928 73.1988 46 0.153117 -3.03167 -3.11642 -29.7882 15.2843 90.8054 16 0.153116 -2.96552 -3.11642 -22.9253 11.4984 67.3308 2 0.0651079 -3.0344 -3.13815 -24.9446 11.4844 66.9063 46 0.065109 -3.05871 -3.13815 -32.0807 14.4317 82.3113
ID_9a83f997d,27 0.158269 -3.13454 -3.12961 -4.41404 2.416 8.36513 35 0.165493 3.12591 -3.10739 -4.44086 4.82864 23.1461 50 0.193031 0.0418473 -3.06261 5.09823 7.1669 34.3241 43 0.105453 -3.05886 -3.10663 -13.0113 8.36242 48.083 16 0.193031 0.5185 -3.06261 5.03167 3.12435 8.71468 16 0.193032 0.0279377 -3.06261 0.664024 6.41719 31.5544 6 0.192535 -0.00707489 -3.0614 4.76176 8.18788 40.2479 46 0.192535 -0.0380176 -3.0614 6.30744 14.957 81.148
ID_bc0ddb93b,60 0.188595 -0.146178 3.13888 -0.408185 3.43722 13.1652 28 0.149576 0.0945693 -3.08235 0.814116 10.7869 58.2124 35 0.170413 -0.332206 -3.07624 18.6566 7.94153 34.2295 35 0.183364 -0.0581276 -3.09072 18.6751 10.2446 49.2016 28 0.17025 -0.0495648 -3.10176 21.0255 12.792 63.2319 28 0.158035 -0.0345459 -3.08386 13.5183 10.8177 54.6314 51 0.244447 -0.00806372 -3.10833 20.264 19.7719 103.632 16 0.149575 0.0128162 -3.08235 -4.31438 12.4744 72.0065 2 0.149575 0.130872 -3.08235 -6.19132 22.5886 137.362 2 0.149575 -0.0194518 -3.08235 -2.47556 22.4748 137.347 46 0.149576 -0.112448 -3.08235 5.12525 16.092 92.5344 16 0.149575 -0.0375904 -3.08236 4.45185 17.0946 99.2616 46 0.149575 0.0869692 -3.08235 4.97264 34.6537 208.922
ID_9ea9b90a0,28 0.146259 0.0174987 -3.07642 -10.536 9.61299 40.3575 28 0.085662 0.000759646 -3.07241 -11.354 13.0925 62.624 9 0.120237 -0.142167 -3.06131 -28.9566 11.9631 46.4766 9 0.194145 -0.0902365 -3.09989 -34.8856 18.6686 81.6565 16 0.085662 0.0314817 -3.07241 -11.8343 20.8933 115.611 16 0.085662 -0.0707877 -3.07241 -8.31038 18.648 99.7367 51 0.121953 -0.0688602 -3.06396 -45.4579 16.232 61.2974 6 0.112515 3.0209 -3.05079 -55.8544 19.6889 88.3965
ID_8cba0a35a,71 0.251046 -1.36391 -3.08637 7.15035 3.27947 10.1614 54 0.173293 -0.0778785 3.1363 16.0355 8.81661 38.7304 7 0.144126 -0.0218286 -3.11745 11.8462 7.16464 33.2088 54 0.223149 0.0907073 -2.99341 15.5864 10.4714 49.9058 28 0.0690729 -0.00427912 -3.10178 0.170708 8.10753 43.3942 31 0.170863 3.14135 -3.10687 -9.86128 6.85758 36.668 35 0.160116 3.10478 -3.12716 -10.7572 10.2786 57.8096 14 0.16175 3.10559 -3.06525 -6.15918 7.83004 44.7827 31 0.104336 3.02033 -3.1138 -24.6775 6.60427 38.5613 8 0.184537 3.12481 -3.11598 -23.3458 7.47599 43.0133 37 0.125865 3.11695 -3.06073 -25.1823 9.0923 53.0116 18 0.140835 3.11281 3.13657 -25.9993 10.2993 61.0349 7 0.161626 3.13263 -3.06292 -23.5942 11.2008 66.6985 46 0.121912 3.04367 3.12651 -29.8814 15.4995 92.1157 51 0.141618 -3.1227 -3.09159 -27.9138 15.6801 94.6195 61 0.172974 0.113919 3.12979 13.2112 6.06969 25.8817 46 0.223149 0.368171 -2.9934 20.3986 15.5491 76.4311 16 0.223149 0.00610141 -2.99341 12.5373 10.2476 50.927 16 0.223149 0.0835321 -2.99341 13.1824 11.6518 59.1775 71 0.213876 0.000845664 -2.98021 19.4091 18.4776 95.8968 16 0.213876 0.0544399 -2.98021 8.75926 11.3736 59.9253 16 0.213876 -0.0594286 -2.98021 3.63849 5.61292 24.3732 16 0.0690728 -0.0121326 -3.10178 -2.31979 24.2497 145.486 16 0.10434 -3.13434 -3.11379 -19.755 4.65008 25.5705 2 0.161625 3.10477 -3.06292 -24.8793 10.8057 64.3733 46 0.141624 -3.0643 -3.09159 -26.4615 16.298 97.4926
ID_5ffc8d5bf,27 0.133038 -0.038335 -3.03253 -7.21143 3.11977 12.2207 37 0.14272 0.0205394 -3.08461 -4.57801 4.4989 20.3653 43 0.138649 -0.0157401 -3.04952 -7.8919 5.29688 26.718 43 0.171773 -0.0237764 -3.09786 -3.96202 8.13745 44.0517 70 0.173546 0.0164744 -3.09053 -8.8187 9.31499 51.7156 16 0.171773 0.00892359 -3.09786 -0.693034 4.89222 21.8477 16 0.171773 -0.0105684 -3.09785 -0.188793 6.69207 32.9357 6 0.171565 -0.409147 -3.09704 3.26427 11.4915 61.2189 76 0.172866 -0.112553 -3.10244 11.4433 20.2248 112.284 9 0.173098 -0.351076 -3.10349 -5.44616 20.5447 119.495 46 0.171773 0.114885 -3.09785 -1.30695 17.3863 102.584 16 0.173097 0.110126 -3.10349 -4.27545 9.83142 55.6216 2 0.171773 0.181806 -3.09785 -8.36277 11.7039 69.608 16 0.171773 -0.0971269 -3.09786 -8.60268 16.7927 100.576
ID_b588b63da,28 0.154079 0.11061 -3.10327 -12.7779 6.11575 31.1223 25 0.15316 0.106944 -3.11213 -19.3356 9.64266 54.8467 70 0.164431 0.0836608 -3.06783 -16.8311 11.2515 62.8933 16 0.166031 -0.0443476 -3.07248 -1.87776 3.17267 11.461 71 0.149941 -0.513609 -3.09938 8.46959 8.82153 43.9451 28 0.151111 0.0504624 -3.11643 4.71351 6.08806 26.1442 37 0.1483 -0.0962354 -3.09033 4.21007 3.78562 12.7003 28 0.158139 -1.48728 -3.05685 10.7253 5.09066 17.8153 70 0.164844 0.49177 -3.06876 -22.5904 14.1302 85.1352 46 0.164844 0.789805 -3.06875 -22.6087 13.8463 85.1817 46 0.164844 0.295524 -3.06876 -24.3803 17.9491 107.115 2 0.166031 0.213303 -3.07247 -5.96088 12.9588 69.7441 46 0.166031 0.386658 -3.07248 -5.97104 19.6695 106.937 16 0.151111 0.0583109 -3.11643 4.34187 6.49927 29.846 16 0.148301 1.64102 -3.09034 10.1328 6.61216 31.5789 16 0.149941 0.0861093 -3.09937 5.13307 4.74033 18.9431 8 0.137654 -0.0146963 -3.02642 6.96977 3.32139 8.23971
ID_f1c1cd304,25 0.145663 -0.080751 -3.04918 5.59202 3.55813 11.3652 35 0.142303 0.0172994 -3.13586 15.5694 6.6863 30.1581 28 0.158349 -0.0388659 -3.10058 17.0916 10.384 52.1299 35 0.170254 -0.101354 -3.10617 14.1375 9.36209 48.5438 28 0.177519 -0.0380202 -3.08755 6.62513 8.50637 41.262 61 0.127779 0.717995 -3.07519 -7.80104 14.7062 86.6709 54 0.274697 1.15431 -3.09156 -18.102 19.4961 115.952 19 0.163783 2.55279 -3.03072 -25.7963 17.7583 107.342 7 0.273788 -0.0329876 -3.08669 -2.40558 4.49958 19.9683 46 0.177519 0.0660247 -3.08756 7.53421 15.079 84.2154 6 0.127781 -0.0327073 -3.0752 0.315626 9.87757 54.6257 46 0.127782 0.159796 -3.0752 -2.60226 13.5519 76.6142 16 0.127782 0.127557 -3.07519 -2.93819 13.3244 76.6464 16 0.163785 1.65222 -3.03072 -23.1411 17.7161 107.939 46 0.17752 1.84671 -3.08756 7.79102 23.2155 133.919 27 0.174444 1.54813 -3.07826 3.22812 23.1878 134.078
ID_8b68340de,35 0.167968 0.010828 -3.07804 2.85283 5.39538 21.6411 35 0.17108 -3.11227 -3.12636 -4.40873 6.56213 30.5697 18 0.165651 -2.54694 -3.09476 -16.714 5.50899 26.8576 46 0.167968 0.0475161 -3.07804 2.4418 9.96528 49.9158 2 0.171081 2.08438 -3.12636 -13.1557 17.8296 101.042 2 0.171081 3.02472 -3.12636 -9.02311 8.3449 43.7286 2 0.171083 3.12628 -3.12636 -7.64164 6.24305 32.0653
ID_0d90b3862,8 0.151739 3.04199 -3.02397 -7.49365 3.22577 13.1478 35 0.175339 -3.07657 -3.10215 -6.64547 3.83548 17.5592 47 0.125652 3.13796 -3.09873 -8.01629 6.1613 29.9805 18 0.242413 0.352297 -3.12413 -7.89343 7.58219 38.9563 37 0.13816 -3.11393 -3.07501 -6.87514 7.35348 39.7605 16 0.202297 3.11586 -3.11456 -7.45312 11.3359 64.5279 7 0.150339 -3.13474 -3.13534 -9.85013 11.4447 67.2429 16 0.15174 3.10638 -3.02397 -9.65004 3.95351 18.9087 16 0.202296 0.0330489 -3.11455 -1.0269 15.0033 87.1057 16 0.202296 -0.071813 -3.11456 2.63426 16.8921 96.9697 6 0.20232 -0.0479846 -3.11474 -1.01433 21.639 131.149 16 0.202296 -0.0682922 -3.11456 2.19586 22.07 133.826
ID_688d64128,35 0.143315 1.99388 -3.06204 0.722272 5.08504 21.6333 35 0.190168 2.04717 -3.07697 6.29379 5.48612 23.0677 47 0.223849 1.99637 -3.1224 24.058 10.4186 43.3223 9 0.142903 2.07981 -3.10819 29.8883 10.7512 45.8881 48 0.164034 1.91174 -3.10839 -0.221045 5.68721 25.4079 23 0.163798 1.98806 -3.05623 -3.06188 6.45225 30.6678 19 0.148906 2.08179 -3.05925 -2.796 5.08776 26.3501 27 0.250223 1.60035 -3.05737 -17.1474 6.41001 36.4863 16 0.143313 1.96768 -3.06203 2.33337 4.54796 21.6251 2 0.19017 1.83203 -3.07697 11.7625 8.19348 36.1169 46 0.250224 0.452201 -3.05737 -40.9188 8.29853 58.7699
ID_f45cea83d,40 0.144014 -0.0169838 -2.98427 6.33905 3.61409 11.6206 35 0.174132 -0.0131802 -3.05153 6.45462 4.7912 18.9008 71 0.146787 0.0683916 -3.062 7.70559 6.61477 29.1353 66 0.128402 0.118598 -3.11758 3.6579 13.6588 77.0334 35 0.138714 -3.12528 -3.12845 -3.39091 9.65417 54.2461 7 0.133296 3.12581 3.1346 -2.85473 5.32964 27.6885 28 0.123317 1.23073 -3.06533 -16.816 4.57641 25.8403 70 0.0285716 1.00783 -3.11759 -18.372 5.20497 32.1163 16 0.128402 -0.0687215 -3.11758 5.43393 11.683 65.5685 6 0.13876 -0.049986 -3.12894 -0.210247 6.71891 33.6989 16 0.123319 1.17773 -3.06532 -18.5876 4.59933 25.7158 16 0.0285719 1.05441 -3.11758 -16.2395 5.4666 31.9826 46 0.0285719 1.12562 -3.11759 -20.5529 7.2387 42.4927 16 0.0285717 1.31583 -3.11758 -15.806 6.2819 37.2054 16 0.0285718 1.07924 -3.11759 -16.8563 8.91953 54.764 46 0.0285716 0.963589 -3.11759 -18.1988 11.016 68.9813 16 0.0285717 0.364002 -3.11758 -17.5891 11.095 69.0653
ID_044fbdda4,61 0.176251 -0.06418 -3.09812 -0.709119 5.47388 24.3862 60 0.0681383 -0.0299089 -3.09752 -3.97104 6.9775 37.4512 28 0.157973 -0.0230697 -3.07431 3.0652 6.01119 27.6652 18 0.186598 -0.0426735 -3.0397 4.03111 2.91132 7.23796 16 0.157972 0.0576688 -3.07431 2.40251 9.19748 51.6255 6 0.0689851 -0.0719833 -3.09886 -3.95093 8.78092 49.1597 16 0.157972 0.0307639 -3.07431 1.51983 12.356 71.9497
ID_e806b720f,40 0.12241 0.0493415 -3.08374 2.02114 10.6136 58.0668 27 0.174622 3.1381 3.12382 -9.59901 10.8773 62.3292 35 0.148165 3.13115 -3.12729 -7.45609 3.09877 13.0415 2 0.122411 0.128541 -3.08374 3.54598 2.33519 5.74174 16 0.122411 0.0487247 -3.08374 0.913529 14.0044 80.9484 16 0.122411 -0.0786617 -3.08374 -0.206919 15.5723 92.1838 16 0.122411 0.0706742 -3.08374 -1.39942 16.3555 100.602 46 0.12241 0.225602 -3.08374 -4.65647 16.3075 98.8343 2 0.122412 -1.41826 -3.08374 19.3529 11.298 51.649
ID_e50f1212c,37 0.115297 0.0127778 -3.10012 2.65742 3.77985 13.8842 51 0.17244 -0.013698 -3.10248 13.4569 5.34298 22.3061 61 0.155526 0.114976 3.09847 11.5693 5.59468 26.0591 35 0.178399 0.008903 -3.09875 11.9056 7.09556 33.5833 8 0.194979 -3.09205 -3.04773 -30.1913 8.73453 54.5949 16 0.194987 3.05995 -3.04773 -25.3288 5.58443 34.5883 2 0.194984 -0.0108565 -3.04773 -31.9787 14.6913 91.7006 2 0.194984 -0.0108565 -3.04773 -31.9787 14.6913 91.7006
ID_319a6f249,16 0.13293 0.0235804 -3.04475 -6.80003 3.4354 15.1034 31 0.152074 3.13096 -3.09009 -24.706 13.8797 84.3414 16 0.160127 0.0323129 -3.13474 -8.79613 7.79069 42.7229 70 0.155411 -0.0295133 -3.07688 -6.15491 7.70564 40.3989 9 0.141157 -0.0977816 -3.12353 -7.82114 14.4118 80.8938 37 0.0343846 0.0161952 -3.10451 10.4231 9.09387 46.2026 16 0.155411 0.108604 -3.07689 -12.2822 12.8711 76.7876 46 0.141157 -0.000334941 -3.12353 -6.9353 9.70474 52.048 16 0.141157 0.0442461 -3.12354 -6.18059 9.19291 50.3668 16 0.141156 0.0172074 -3.12353 -2.96219 8.63878 46.8385 46 0.0343846 0.272016 -3.1045 12.4193 4.92177 16.7354
ID_feb8c1352,35 0.14936 0.15907 -3.0871 11.5269 5.12338 19.5921 70 0.128061 -3.03808 3.11246 13.9173 8.01994 36.4589 61 0.107691 -1.43842 -3.13969 8.39134 7.38093 35.9983 71 0.147934 -2.90911 3.13795 -9.51248 4.54922 20.21 46 0.171766 -3.12758 -3.13716 -11.2958 6.43261 33.8629 47 0.120104 -3.06404 -3.07542 -11.4901 7.24347 39.4106 9 0.400544 2.86492 2.75586 -32.1043 26.1667 140.318 12 0.145021 -3.07892 -3.13732 -9.33789 7.74373 44.6587 27 0.124028 3.10924 3.13079 -11.6288 12.6728 75.1847 8 0.0764145 3.10602 -3.1114 -11.9052 14.7087 88.997 61 0.192656 0.0199084 -3.07276 15.6287 8.47553 43.2569 6 0.128419 3.02595 3.11411 10.5103 5.2562 22.6035 16 0.124022 -3.0728 3.13079 -11.532 11.8693 68.7386
ID_7155f620f,28 0.161483 0.0912633 -3.08123 -2.13863 3.68992 13.8585 2 0.123799 -0.0299213 -3.0605 -5.05677 2.93625 9.00873 37 0.140956 0.0630631 -3.11634 -5.16906 3.70084 14.4629 27 0.14756 -0.78221 -3.11189 10.9694 7.98928 34.6344 16 0.205092 2.09647 -3.10249 13.3201 10.1505 47.6425 66 0.225088 0.457528 3.1242 -7.98647 15.8004 82.478 60 0.126248 -0.467922 -3.06439 -12.9853 5.08198 22.1862 71 0.150186 -1.95706 -3.13183 12.1722 5.00441 19.7186 16 0.147563 1.822 -3.11189 22.6332 11.3204 52.3568 16 0.225087 0.537747 3.1242 -8.65193 12.5217 65.112
ID_c31679c55,28 0.156828 -0.024345 -3.10292 5.38686 6.61464 29.704 40 0.153015 -0.016539 -3.11545 -6.37198 6.67918 33.5666 35 0.156974 0.0548345 -3.10087 -12.9332 8.31603 44.8391 46 0.164784 -0.129307 -3.09393 -4.0984 12.2044 64.9796 9 0.173673 -0.0654542 -3.09586 -7.94826 9.84437 53.7318 28 0.166343 -0.0406428 -3.08835 -6.50122 11.3728 61.5896 46 0.156829 -1.53755 -3.10291 51.5881 17.8503 88.1175 60 0.166711 -0.0622369 -3.08951 -10.5674 21.8675 123.706
ID_68d5ab49f,37 0.174827 -0.00131903 3.1322 -9.36064 3.26298 14.5963 60 0.167775 -0.00405734 -3.08055 -4.95502 8.5861 43.9066 28 0.141478 -0.00459289 3.13917 3.93692 3.0352 8.07022 66 0.167609 -0.0196299 -3.10519 3.789 4.34591 16.3545 28 0.108484 -0.335245 -3.12165 0.0393602 14.712 79.7123 16 0.167775 0.115827 -3.08056 -3.91457 8.84038 46.256 16 0.167774 0.0123782 -3.08056 -12.0732 19.8678 116.744 16 0.167774 0.082695 -3.08056 -3.44586 14.1863 78.3195 6 0.167738 0.140247 -3.08046 -4.61686 16.292 90.3931 2 0.108484 -0.0368743 -3.12166 0.432959 5.36891 25.2405 16 0.108485 1.96417 -3.12165 3.50901 13.7658 74.862
ID_dfba4d3ba,2 0.180038 0.198771 -3.08006 -0.812756 3.60597 13.1334 7 0.146741 0.0705827 -3.08368 2.63839 3.27728 12.4266 27 0.139963 0.0534583 -3.09085 1.54023 8.60096 40.3333 28 0.190077 0.711642 -3.08602 -6.23037 5.24325 23.2371 31 0.28497 2.43666 3.05548 -20.7927 8.81675 45.198 16 0.14674 0.0161478 -3.08367 6.53617 3.20994 9.16374 2 0.14674 0.170151 -3.08368 5.95121 5.4372 22.7522
ID_bfb9600ee,70 0.211918 -2.22808 -3.11175 -25.5146 7.20363 45.6784 28 0.125416 0.0620369 -3.08166 -19.8619 9.75256 58.383 16 0.125415 0.0508531 -3.08167 -0.82645 14.0068 80.6352 46 0.125415 0.20652 -3.08166 -7.54437 17.1431 103.628 16 0.125416 0.0608635 -3.08166 -5.53288 19.7408 118.967
ID_f5c2c9a4e,16 0.161784 0.0241561 -3.05655 6.3157 3.7394 12.4498 16 0.148038 0.0318797 -3.00978 6.0362 4.57481 17.641 43 0.187626 0.0599371 -3.00205 5.8899 5.47207 24.1106 50 0.204563 0.10622 -3.0246 6.01313 7.19454 33.9218 35 0.165938 0.122181 -3.01118 5.23299 8.4285 40.6885 54 0.197315 0.15788 -3.0292 1.88309 13.3512 72.4439 54 0.24219 0.177445 -2.97127 1.00968 14.778 82.1381 66 0.152724 0.279461 -3.11724 -1.74455 16.5979 95.153 35 0.176524 0.192407 -3.12004 -2.2599 12.0004 70.3373 35 0.185089 -3.00892 -3.10229 -8.77008 11.1728 65.0282 16 0.197315 0.0652022 -3.0292 3.42731 9.73169 49.857 16 0.197315 0.155583 -3.0292 2.65277 10.0624 53.3042 46 0.176524 0.27506 -3.12004 -5.74992 20.8135 122.183 16 0.176524 0.229705 -3.12004 -4.48758 13.9418 83.1309 16 0.185085 0.66234 -3.10229 -15.8856 4.00334 24.628 16 0.185085 0.709737 -3.10229 -16.0402 4.56336 27.5913 16 0.185085 0.120058 -3.10229 -20.4 7.39665 45.5917 16 0.185085 1.09744 -3.10228 -21.0421 7.58296 47.9884 16 0.185085 0.849234 -3.10229 -19.595 7.57485 48.7249
ID_b3aa79dad,28 0.154506 0.0455596 -3.0848 4.51787 3.66336 11.7762 35 0.112106 0.204641 -3.10886 3.93509 4.3489 16.8095 51 -0.0231686 -3.02292 -3.10009 -17.7496 10.8319 64.2606 12 0.170321 -3.05681 -3.12885 -13.6886 7.40711 42.6688 61 0.200901 -3.06935 3.13662 -17.4881 5.99822 32.0363 46 0.179452 -3.13837 3.07351 -24.9892 6.87097 37.8355 9 0.152574 1.32931 -3.07976 6.30587 3.52175 8.97178 16 0.112105 0.116651 -3.10886 3.58571 4.98782 21.8953 46 0.112105 0.0938087 -3.10887 3.59129 6.27895 29.846 2 0.112106 0.0923042 -3.10887 3.03756 6.61649 33.2063 66 0.114884 2.06586 -3.12067 1.24665 13.8199 79.7493 16 0.114886 0.0175289 -3.12067 -1.03617 5.57572 27.0633 16 0.114886 0.0388334 -3.12067 -4.2934 6.49127 33.7189 46 0.114886 -0.0164426 -3.12067 -8.63859 9.15802 51.4598 46 0.114886 0.3342 -3.12067 -14.0804 10.7244 63.3303 46 0.114886 -0.0456905 -3.12067 -7.40929 13.9357 79.2619 16 0.114886 0.080048 -3.12068 -5.83376 13.7503 79.4518 16 0.152578 -2.46236 -3.07977 11.5604 4.12034 15.851 16 0.152574 -2.24085 -3.07976 10.1565 4.15664 17.1087 71 0.146424 -1.33169 -3.06627 21.4529 10.4814 46.4533 16 0.146422 -2.56288 -3.06627 8.68664 4.85842 22.9391 16 0.112103 1.99135 -3.10886 11.7236 11.619 64.2212 2 0.114886 -0.153257 -3.12067 -3.62078 28.2734 170.132
ID_9783bd351,70 0.160237 -0.0106886 -3.13186 -2.1561 3.31506 13.5335 28 0.141139 0.0503239 3.1296 15.257 9.75443 48.6413 70 0.186371 0.00138649 3.13961 22.3449 7.66673 36.2543 16 0.141139 -0.151813 3.1296 4.33888 8.62606 43.3751 2 0.141139 -0.0788275 3.1296 5.18094 12.0205 65.5358 60 0.140842 -0.500074 3.12649 9.67617 28.3591 163.858 16 0.140843 -0.0858074 3.12648 -0.468451 17.025 97.6542 46 0.141139 0.33675 3.1296 15.6604 14.6426 77.8348 16 0.140843 1.05856 3.12649 7.96854 29.2769 173.443 46 0.141139 0.220561 3.1296 19.0829 24.4268 138.277
ID_e536bac30,35 0.149272 -0.0490423 -2.9542 5.90996 3.34308 10.4934 35 0.149459 0.0218235 -3.08862 5.74598 4.06473 16.3691 35 0.133551 0.067563 -3.10319 5.72695 4.88747 22.2447 12 0.128426 -0.019663 -3.01535 5.20969 5.11097 26.3167 61 0.0926373 0.0477101 3.10989 4.53718 6.82225 42.611 16 0.128426 0.0329208 -3.01535 5.1216 5.91301 31.7386 2 0.0926373 0.0955314 3.10989 5.58923 7.15936 42.1635 16 0.0926366 1.28688 3.10989 -11.4596 7.77646 54.7964 46 0.0926384 1.34423 3.10989 -12.9657 9.91239 69.9406
ID_5d4a30bb1,28 0.159842 0.0266049 -3.0612 -3.71862 3.71739 14.9132 70 0.141573 -0.0635019 -3.07651 -3.60746 8.00364 40.7156 37 0.106351 -0.373992 -3.09409 7.56044 13.7329 73.8404 40 0.159138 -0.110065 -3.0598 -3.87458 2.02668 4.48044 16 0.141572 -0.00810818 -3.07651 -1.06519 10.9881 60.1275 16 0.141572 -0.0322568 -3.07651 -6.89466 11.9524 67.6926 16 0.141573 0.0256904 -3.07651 -4.59474 14.4231 81.7811 16 0.141572 0.0403638 -3.07651 -4.20391 18.2473 107.2 46 0.141572 -0.292745 -3.07651 -0.126556 17.2542 95.4335 46 0.106351 0.026192 -3.09409 9.56953 12.3821 65.2978
ID_b3aa6f20b,28 0.168691 0.0859542 -3.1093 -6.81505 4.53243 21.6524 43 0.16036 0.0114974 -3.08659 -3.98949 5.99928 30.8133 16 0.16036 0.0238357 -3.08659 -0.587907 5.80874 28.0185 16 0.160359 0.0533407 -3.08659 -3.449 7.36199 40.6722 2 0.16036 0.0928865 -3.08659 -7.31694 7.78372 45.5493 16 0.168693 3.13053 -3.1093 -22.0681 6.67112 42.9163
ID_224cf5c83,51 0.199325 0.009423 -3.06844 5.95654 4.24457 13.8721 16 0.18155 -1.49339 -3.10161 12.2046 4.12221 16.2081 2 0.137425 -1.66996 -3.13338 14.4793 6.03557 27.5398 51 0.157381 -1.65293 -3.08834 14.3843 9.60023 49.4084 16 0.181551 -1.62379 -3.10162 12.9118 4.62709 19.2204 16 0.137426 -1.2893 -3.13339 11.9995 5.73342 26.7387
ID_72475c36b,47 0.172635 1.05986 3.12001 -26.447 7.04367 43.2153 9 0.179319 -3.09348 -3.13114 -23.3334 7.21698 45.394 35 0.160128 -3.10017 -3.11582 -17.1155 7.22951 42.7324 35 0.112964 -3.09006 -3.09837 -24.571 9.37212 57.9351 35 0.157474 -3.11183 -3.10594 -20.933 10.229 63.2882 8 0.181686 -3.07916 -3.12602 -23.8886 10.4519 65.8005 71 0.236098 -2.01128 -3.03847 -33.6916 20.4674 137.273 70 0.155433 0.0315633 -3.09212 -6.45491 6.47558 34.0883 51 0.174563 0.0749355 -3.09989 0.874744 7.58984 39.9729 16 0.172633 0.958642 3.12002 -22.8789 5.08614 31.4221 2 0.157466 -3.00923 -3.10594 -38.3237 18.2656 124.062 46 0.174562 -0.0582042 -3.09989 -2.26211 7.09492 38.6484 16 0.174562 0.124442 -3.09989 -2.88291 17.4523 107.93 46 0.155433 0.172167 -3.09212 -10.595 10.5834 63.2556 46 0.155433 0.609617 -3.09212 -10.609 10.216 63.3196 46 0.155432 0.0798628 -3.09212 -11.3211 14.7735 92.4814 16 0.155432 0.0130049 -3.09212 -7.32919 13.1255 81.6893 16 0.174564 -2.2042 -3.09989 -4.67609 19.6944 128.473 70 0.162716 2.13501 3.131 -32.8612 28.7171 195.084 2 0.236095 0.986556 -3.03847 -39.5007 21.8642 151.667 46 0.236096 -2.95333 -3.03847 -17.9366 12.7097 77.635
ID_d75bc1c83,51 0.173392 -0.00147602 -3.05154 4.20062 2.88558 7.92763 66 0.108501 -0.0133437 -3.07991 -0.616712 3.96933 15.4261 60 0.231825 -0.187275 -3.10295 3.6865 4.82635 18.9933 16 0.108502 0.0342172 -3.07991 -0.279234 8.19611 41.7917 16 0.108502 0.0230025 -3.07991 2.55779 12.7297 67.7509 16 0.108501 -0.00411918 -3.0799 2.51119 21.2397 118.155 46 0.108501 0.0315456 -3.07991 -0.859853 22.9512 127.909
ID_2205f49b3,23 0.100922 3.13779 -3.09007 -4.49171 6.94259 33.9763 51 0.0153544 -3.10885 -3.08588 -4.26846 11.723 65.0498 9 0.285151 0.714337 3.08499 -8.46237 4.42108 22.7093 14 0.176161 3.07342 -3.10294 -7.72009 12.851 74.6462 2 0.0153589 0.347752 -3.08588 6.32244 3.77589 10.9564 70 0.290513 1.38861 3.13598 -11.1124 4.376 15.8345 46 0.285154 1.01457 3.08499 -9.90344 4.17421 18.2653 16 0.0153588 -0.090683 -3.08588 6.43601 8.18423 41.9126
ID_2d639a8c9,35 0.175935 3.13187 -3.12008 -5.73305 4.28978 17.9832 35 0.172543 0.0526564 -3.03793 1.89518 3.82955 13.4271 28 0.130389 0.0554403 -3.06129 5.13519 5.59612 24.0008 28 0.155871 -1.45179 -3.12648 10.1563 4.66695 17.4969 70 0.162019 -0.0178278 -3.02595 5.60531 9.08375 43.1906 31 0.244937 3.06534 -3.12243 3.99772 10.0906 53.8296 35 0.316212 1.59683 -3.00842 -13.1618 5.15805 25.8651 37 0.255601 2.31513 -3.1042 -13.2954 6.03308 31.7004 71 0.151988 3.12358 -3.13711 -11.0856 9.32724 50.0814 35 0.166397 -3.12403 -3.10513 -7.19707 14.1876 79.5379 46 0.282071 3.07684 3.08506 -13.125 19.6567 112.592 16 0.166394 0.0242473 -3.10514 -0.440785 7.63307 38.2215 16 0.316215 -0.843518 -3.00842 -11.6 2.63923 13.3374 16 0.316215 -0.870235 -3.00842 -13.0806 3.35102 16.9123 46 0.151991 3.12453 -3.13711 -14.2497 13.2531 72.67 47 0.151984 3.07443 -3.1371 -14.0557 14.3705 79.3818 16 0.166394 0.024752 -3.10513 -1.99506 13.6101 76.0983 16 0.166394 0.00638723 -3.10514 0.418999 16.6065 93.4566 16 0.166394 -0.0164645 -3.10513 4.81816 17.0845 93.3514
ID_71e0cae6c,19 0.189084 0.0522188 -3.067 -4.64465 4.97139 22.787 70 0.17316 -0.0442331 -3.11294 -7.95228 9.72337 54.6366 46 0.197937 0.0761428 -3.09601 11.1 6.31641 24.9382 61 0.143282 -0.0993794 -3.07315 10.3945 7.97504 37.6345 61 0.152411 0.0220002 -3.04867 10.4263 10.8123 54.4661 70 0.224777 0.328534 -3.04583 5.96511 17.2052 95.9239 2 0.224778 0.0666875 -3.04584 -0.170839 9.28197 48.4894 35 0.195165 0.0683276 -3.0852 9.93457 4.4771 14.7081 46 0.143282 0.110085 -3.07316 12.0343 10.5676 52.5002 46 0.152411 -0.910055 -3.04867 16.162 17.3631 89.1402 8 0.154519 0.100518 -3.05224 10.8104 14.2477 75.9912 46 0.224778 0.260684 -3.04584 4.82269 21.6011 121.609 2 0.17316 0.047224 -3.11294 -7.92467 18.3402 109.691 16 0.17316 -0.0150699 -3.11294 -11.073 18.7072 112.076 16 0.17316 0.206447 -3.11294 -7.20442 19.0763 115.053
ID_6aef44806,31 0.170885 3.1025 -3.11069 -18.5164 6.98398 37.3689 56 0.130709 3.04594 3.13683 -18.6786 10.2277 56.144 12 0.128372 2.98314 -3.09598 -12.7616 16.3585 91.3827 50 0.173932 0.0689921 -3.07726 8.07277 14.2188 69.9778 16 0.170882 3.04899 -3.11069 -10.17 3.46127 15.6504 76 0.170775 3.05309 -3.11008 -29.6932 8.88125 50.5046 16 0.173932 -0.0669306 -3.07725 -0.410986 11.8317 61.2009 16 0.173932 -0.0752778 -3.07725 1.59569 9.92136 49.1261
ID_2733fe674,18 0.174457 0.292703 -3.07283 -3.74708 7.4914 35.7324 70 0.17356 0.842692 -3.08187 -9.56462 7.99158 42.9705 27 0.167193 -2.66411 -3.08479 4.44443 13.4472 70.2833 37 0.0122206 -2.07717 -3.13257 13.9199 12.0563 60.083 71 0.159767 -3.06802 -3.11338 -10.9795 24.8744 145.126 16 0.15977 0.0164038 -3.11338 -0.591062 3.95487 16.405 16 0.173558 2.13897 -3.08187 -17.3827 10.1171 57.4225
ID_882e1dc7f,47 0.171278 0.0224811 -3.10022 -0.0931308 3.85572 14.8559 28 0.117315 -0.0173851 -3.07636 -3.20557 3.3709 12.6565 37 0.172671 0.0082477 -3.11856 -3.40278 5.90303 27.3121 66 0.242022 0.0704996 -3.13631 -4.25922 8.15308 40.7982 35 0.164886 3.13279 -3.12247 -10.3908 5.74204 27.5923 35 0.226279 0.344013 -3.14087 -6.92559 7.37526 37.4276 27 0.125994 3.08955 -3.09519 -11.3085 12.8256 73.1763 70 0.173104 -1.48569 -3.1088 16.6378 8.87933 42.7348 16 0.16488 -3.13619 -3.12247 -6.58197 2.87226 10.4468 28 0.225281 0.459448 -3.12014 -6.90998 5.34681 25.5209 16 0.225281 0.669085 -3.12014 -9.07227 6.82166 36.3214
ID_e261ec742,66 0.153083 0.0048389 -3.13529 -3.67181 4.30176 19.164 48 0.145287 -0.0818562 -3.10154 -33.9779 11.6337 65.6485 28 0.101298 0.0210544 -3.09951 -25.143 10.5141 58.6353 46 0.125061 -0.0570206 -3.0671 -24.5515 15.2239 94.3966 61 0.055804 -0.114353 -3.05722 -31.6826 14.0625 93.2837 40 0.0265888 0.0095486 -3.07339 -23.3173 12.4671 82.3676 16 0.153083 -0.00178073 -3.13529 -1.59618 8.96452 49.8662 16 0.153083 0.0574642 -3.13528 -4.68367 10.6119 61.9568 16 0.101297 0.0220983 -3.0995 -17.6738 7.66006 38.5006 46 0.125061 -0.14357 -3.0671 -34.4743 19.9734 138.099 2 0.125061 0.109668 -3.0671 -28.8396 18.2769 126.623
ID_9a778d894,8 0.150332 -0.00636616 -3.04428 5.85647 3.41254 10.7152 16 0.156832 0.0386296 -3.07585 5.18445 4.05362 14.8112 28 0.174528 0.0306202 -3.09223 5.80696 5.63616 23.5633 61 0.0659996 0.0700295 -3.14089 4.64608 5.6394 27.4738 70 0.174526 0.0877438 -3.01572 5.8738 9.19633 45.3132 61 0.100048 0.0940821 3.09123 5.01269 8.67987 46 35 0.177492 0.0694814 -3.06591 4.46213 10.795 58.0299 9 0.0499428 3.09691 -3.06324 -24.3052 8.00789 49.2916 60 0.114621 -3.13673 -3.1323 -5.20809 9.85277 57.3866 16 0.177491 -0.0652965 -3.06591 3.13021 12.7732 71.9347 71 0.114856 1.6152 -3.1359 -13.9834 8.32653 47.2463 46 0.114859 1.92419 -3.1359 -13.2445 8.92626 50.7794 46 0.177492 0.122063 -3.06591 3.71998 11.8233 65.8982
ID_a2b0aad70,28 0.176682 0.0410271 -3.10296 -3.12431 2.31192 6.39031 40 -0.0926505 -1.49584 -3.10734 14.14 7.29731 33.925 8 0.166869 3.10773 3.11109 16.8604 10.3139 56.7266 46 0.176682 -0.0838983 -3.10295 -3.00833 4.25565 20.4866 16 0.176682 0.0132115 -3.10295 -3.7364 7.41596 39.4164 46 0.176682 0.0812861 -3.10295 -5.08292 12.1839 68.6576 70 0.169284 1.79086 -3.07775 -28.7325 10.9111 70.5103
ID_3668be834,60 0.147316 -0.049934 -3.13368 -5.52908 5.2789 24.8187 16 0.147316 -0.0080674 -3.13369 -0.56669 6.13093 31.1088 46 0.147316 -0.049475 -3.13368 -3.86018 9.50262 51.1804 16 0.147317 0.0595991 -3.13369 -3.34926 10.5142 58.0044 46 0.147316 -0.117564 -3.13369 -7.16054 13.0539 74.0856 16 0.147316 -0.0481892 -3.13369 -1.32966 18.6467 107.076 16 0.147312 -3.11034 -3.13369 -13.2091 10.1458 57.3065
ID_c89179341,35 0.179942 0.0754058 -3.06201 6.53141 6.85125 31.4786 43 0.052732 -1.54371 -3.11327 9.32542 9.13928 46.8725 61 0.154949 0.172491 -3.09795 5.02876 9.07114 46.6836 35 0.138754 0.130376 -3.12339 3.90992 11.5817 61.5668 66 0.126462 -0.36461 -3.09642 6.22567 12.2177 69.4473 28 0.142006 0.121913 -3.06239 -13.4792 4.27067 21.779 40 0.138547 0.11004 -3.0876 -9.19019 4.20493 20.661 35 0.1473 0.0955776 -3.1111 -17.1117 8.44807 48.6322 28 0.188194 0.174039 -3.1195 -10.3797 6.49896 35.5446 28 0.140477 0.115511 -3.11136 -8.84273 8.10677 44.6964 71 0.182173 -2.8029 -3.06761 -17.7458 11.0112 69.5996 61 0.101837 0.10084 -3.08115 -15.6257 11.5357 71.7542 46 0.180765 -3.0568 -3.07823 -44.2767 11.495 76.5076 46 0.179942 0.101438 -3.06202 9.69714 4.13237 11.5676 70 0.0557462 1.95231 -3.1198 8.94617 10.7505 59.0733 16 0.138754 0.118563 -3.12339 -5.8142 17.1814 101.459 2 0.138754 0.00264299 -3.1234 -8.56352 16.8173 101.695 27 0.191431 -2.59874 -3.09712 -25.1921 17.0238 96.5878 16 0.182171 -2.78347 -3.06761 -14.245 8.72721 53.0686 46 0.140478 0.154437 -3.11136 -10.775 9.87064 58.7009
ID_b38511e47,28 0.19814 -0.0240529 -3.05505 4.27062 3.27298 9.58966 25 0.175976 3.12759 -3.0462 3.74376 3.95407 16.2988 35 0.17109 -3.12911 -3.12711 -5.06338 4.03723 16.8164 50 0.142731 3.1366 3.117 -9.00708 4.19419 18.6755 43 0.121877 -3.13164 3.12877 -8.82622 8.10195 42.5297 70 0.124242 3.08745 -3.13926 -8.30815 8.09885 44.9984 16 0.175977 0.0418668 -3.0462 3.68064 5.37004 23.2415 16 0.175977 0.0241885 -3.04621 3.61085 6.02084 27.9233 46 0.121878 2.98089 3.12877 -8.56991 6.27916 31.9057 16 0.124237 -0.0165452 -3.13926 -2.01964 7.4531 40.7575 16 0.175976 0.264573 -3.04621 2.82942 16.8478 96.3631 6 0.12424 3.13538 -3.13945 -9.01248 18.219 109.059
ID_6d93a0eb2,16 0.372638 -0.843649 3.0982 -0.0635492 20.4794 110.471 9 0.0970683 -0.535273 -3.06506 -8.48419 25.908 142.877 28 0.144018 0.0552662 -3.07165 -16.6761 4.29285 29.32 28 0.110218 0.133561 -3.0892 -14.4049 5.7154 38.0939 28 0.120115 0.035657 -3.08105 -17.903 5.94726 41.9442 28 0.114019 0.0452884 -3.05318 -18.5284 7.87754 55.7138 71 0.100269 0.0895725 -3.07104 -11.9765 7.86352 54.2993 16 0.372638 -0.677267 3.09821 1.56697 20.5822 110.413 50 0.105465 -1.03337 -3.07714 -5.55082 24.5054 133.996 46 0.0970683 -1.52653 -3.06507 -14.4642 25.6012 142.737 2 0.0970683 1.24693 -3.06506 -16.3213 25.3779 142.582 16 0.114019 0.0389567 -3.05317 -11.4698 6.0993 40.8333
ID_3b5b9d6a6,23 0.131881 0.0455779 3.07914 5.90133 5.96662 24.01 28 0.164736 3.11287 -3.13177 -9.49184 6.88011 34.8368 35 0.151515 2.81328 -3.11753 -3.72777 12.3558 69.0887 18 0.198774 1.59237 -3.11343 -24.2659 6.28101 35.2588 16 0.131882 -0.000236888 3.07914 3.49481 7.19633 35.7365 16 0.164739 -3.12458 -3.13177 -8.0586 8.45113 47.0455 16 0.198777 1.90098 -3.11343 -20.1139 5.58847 31.5866 43 0.106233 -1.49622 3.04148 16.902 9.08963 48.5497
ID_5779564c9,28 0.174149 -0.0158032 -3.12574 -22.8655 6.31734 35.6855 70 0.162421 -0.0146728 3.13944 -17.635 6.30505 35.1579 70 0.198278 0.00240991 -3.12497 -22.9747 9.81852 58.3504 60 0.116679 -0.0177202 -3.11956 -21.1436 14.6124 86.3028 6 0.200392 -2.81923 -3.04633 -26.4263 19.0392 114.699 28 0.155023 0.00688773 -3.05332 -6.26819 4.16967 18.4193 47 0.173422 -0.00502579 -3.10325 -2.65805 5.12011 23.409 66 0.19894 -0.503995 3.13849 -28.7473 11.9977 71.7419 46 0.116678 -0.10714 -3.11955 -32.8505 18.6334 112.461 16 0.173421 0.00646462 -3.10326 -3.07098 7.80111 40.8344 46 0.173422 -0.0997179 -3.10325 -6.86183 23.0705 131.744 16 0.173422 0.00741424 -3.10325 -0.615722 12.8101 70.0061 46 0.173422 0.00971757 -3.10326 16.475 25.9105 175.857 46 0.173422 0.100606 -3.10326 14.5818 23.603 162.209
ID_b8d616497,43 0.119055 -2.97995 -3.09862 -4.01331 7.58885 39.1835 35 0.158565 2.66062 -3.10528 -11.2328 6.31401 32.8338 16 0.119055 1.69723 -3.09862 16.4351 5.6764 21.9218
ID_f9a5d1fd4,54 0.0928088 -1.00609 -3.0861 23.8364 8.85193 38.8497 31 0.256067 1.82458 -3.08165 16.4297 10.4318 52.6149 25 0.0656373 -2.41197 -3.08264 -22.3653 8.05423 47.504 2 0.256068 -0.633744 -3.08166 19.1483 8.96877 42.0098 16 0.256064 1.83973 -3.08166 17.3384 8.5446 41.006 46 0.256066 1.58247 -3.08165 22.1064 11.3453 55.7215 2 0.256067 0.161449 -3.08166 14.7724 12.8218 66.9564 46 0.256068 0.221353 -3.08166 -2.01696 15.6169 85.4002 46 0.256067 0.231857 -3.08166 1.25551 19.728 109.955 16 0.0656323 2.05696 -3.08264 -23.6484 10.3448 60.2265
ID_623c31555,61 0.159299 0.435105 -3.10093 -2.4373 8.87513 48.66 8 0.122257 1.58108 -3.0881 19.8999 7.18849 28.8716 37 0.163658 -3.10073 -3.12923 -4.22571 3.42012 12.9813 27 0.311034 -0.545636 -3.09097 -24.8814 5.79771 33.4884 23 0.253041 -0.493578 -3.10582 -23.216 5.94642 33.7284 9 0.144261 -1.86577 -3.0148 -31.8277 11.1094 70.2443 71 0.154045 -1.79017 -3.04942 -27.5445 10.8261 66.6082 46 0.159299 -0.0719271 -3.10093 0.637181 5.05011 22.3583 46 0.122258 1.37901 -3.08809 37.3365 12.4662 59.1525 16 0.311033 -3.1002 -3.09097 -24.8281 5.85152 33.5291 35 0.244983 0.00138546 -3.0683 -26.7678 7.14359 45.3846 31 -0.0415607 0.197389 2.88942 -29.2314 7.02457 46.9643
ID_2fac2e085,40 0.121489 0.287072 3.10905 8.21646 5.0328 20.2071 40 0.300519 2.54817 -3.0833 5.80464 5.01068 21.6736 50 0.197046 0.200794 -3.0629 5.35982 6.63412 31.4082 37 0.190244 0.0715598 -3.10877 4.00504 8.21494 41.9645 16 0.1616 0.0630154 -3.02757 3.01776 8.853 45.5884 9 0.209833 0.139401 -2.95975 2.59916 12.8707 70.0129 37 0.0679062 -2.43659 3.13684 14.7762 6.86417 32.0851 19 0.145469 -3.02477 -3.11057 -23.3999 7.6843 45.0521 71 0.116169 -3.07276 -3.11718 -15.743 8.30337 46.1794 16 0.067905 0.334447 3.13684 8.43266 3.64071 13.2966 71 0.206345 0.0441825 -2.95579 3.3882 12.3817 64.3449 46 0.209833 0.108287 -2.95975 1.74793 14.674 79.4852 16 0.209833 0.179111 -2.95975 0.344422 14.2681 79.5641 46 0.209833 0.331764 -2.95975 -1.21342 16.3823 94.1012 46 0.300521 -1.5923 -3.0833 13.7133 8.09012 39.5007 16 0.209833 0.192082 -2.95975 -4.2068 7.59779 40.0384 16 0.209833 2.31093 -2.95975 -8.69742 18.0577 109.097 16 0.209833 0.187282 -2.95975 -12.0912 16.1433 96.445 71 0.147007 -3.07361 -3.119 -13.1787 3.93083 17.8304 6 0.147047 -3.01251 -3.11924 -15.4581 4.56445 23.3693 2 0.14547 -3.07251 -3.11057 -20.7115 6.1293 35.1964 6 0.145345 -3.13156 -3.11 -29.3625 8.37972 51.6576
ID_a4c30e644,28 0.142064 0.00673098 -3.0778 -3.22093 2.80524 8.46615 60 0.0173885 -0.82319 2.86349 -40.3692 10.7051 61.7838 66 0.123822 -3.06189 -3.11802 -14.9333 4.9573 24.9706 35 0.161225 3.13146 -3.13442 -10.4727 4.72483 23.0969 9 0.171978 -3.12457 3.09109 -9.7475 6.21279 31.5475 71 0.153785 -3.13136 -3.11611 -8.48543 6.95891 35.3804 28 0.125375 -0.00183708 -3.09718 -3.62199 5.7294 27.6037 70 0.155149 -0.0412174 -3.08137 9.93574 6.67353 29.362 28 0.121617 -0.240715 -3.09041 8.08014 4.28624 14.7452 2 0.161223 3.10787 -3.13442 -24.3076 8.37907 50.2446 46 0.171978 3.04408 3.09109 -13.6494 7.23178 37.4032 16 0.153787 -3.12002 -3.11611 -7.46102 6.80947 36.2154 16 0.125375 -0.0360467 -3.09718 -5.56859 19.4368 112.611 16 0.125375 -0.00145003 -3.09718 -1.26136 12.4348 70.6316 16 0.121617 -0.050969 -3.0904 10.435 5.21605 20.826
ID_51d861b9f,35 0.199699 0.0176629 -3.08898 1.72605 8.66464 43.2146 35 0.149902 3.06619 3.14098 -17.3802 6.75657 35.8365 35 0.141062 3.09355 -3.13236 -16.0071 9.55012 53.964 37 0.138098 3.1227 -3.08924 -15.6975 10.7217 63.4512 46 0.13796 3.01537 -3.07833 -34.0732 11.1605 66.3142 16 0.199699 0.0168332 -3.08899 2.33505 7.1183 34.4717 16 0.199699 -0.184506 -3.08898 2.15972 11.8973 63.205 16 0.199699 -0.00820025 -3.08899 -0.523739 16.1395 91.3122 16 0.199699 0.966812 -3.08899 -0.0531911 15.584 91.421 16 0.137963 0.917054 -3.07833 -34.541 7.56984 47.7987 16 0.137961 2.44041 -3.07833 -27.9093 6.34029 39.9952 16 0.137966 2.21914 -3.07833 -33.3336 8.35151 51.8817 2 0.141061 2.93337 -3.13236 -30.3048 12.4664 78.2184 60 0.141255 -1.27222 3.13611 -38.9512 14.9712 93.1434
ID_4e3bc8c4c,35 0.178613 0.0267184 -3.08072 1.91816 4.82758 20.554 18 0.204068 0.155854 -3.07375 -1.73449 7.11667 34.8123 23 0.12719 -3.09751 -3.11057 -10.7867 4.55985 19.781 50 0.220463 -0.907392 3.12871 -12.4588 8.36804 47.3658 16 0.209521 0.151354 -3.11154 -9.3646 9.13617 53.6797 35 0.105688 -2.31118 -3.13502 -28.8602 21.2571 141.234 46 0.178612 2.50638 -3.08072 2.5063 8.76693 48.3342 16 0.127184 1.63688 -3.11057 -20.3134 6.82325 40.6341
ID_351825a51,25 0.12522 -0.0504905 -3.03407 -13.5517 4.90304 26.3347 28 0.164323 0.0112706 -3.09493 -24.7486 8.46616 51.096 31 0.147206 0.0423084 -2.99566 -17.4429 7.39714 42.1628 70 0.136706 -0.00133321 -3.07562 -20.4691 9.36359 57.2045 46 0.136707 -0.112741 -3.07562 -1.37455 9.20638 45.3803 16 0.136706 -0.0265088 -3.07562 -3.39268 12.0096 66.1895 16 0.12522 0.147561 -3.03407 -14.4 3.57471 19.3031 71 0.126929 -0.0367794 -3.03609 -26.2949 7.07613 40.527
ID_a74b40d1b,66 0.151 3.09783 3.1373 -10.9391 4.04588 17.4376 8 0.129604 3.12434 -3.10935 -10.2003 6.31581 32.4945 47 0.0971794 -3.03385 -3.0541 -10.2421 6.76068 36.7452 23 0.149336 3.11925 -3.11759 -9.56676 13.7169 75.7349 23 0.146733 3.08522 -3.11735 -4.1497 9.84492 51.2576 61 0.175377 0.0370176 -3.1129 4.27574 9.09483 44.763 6 0.150986 1.22265 3.13693 -34.3555 11.161 66.4272 16 0.149333 2.3546 -3.11759 -9.88421 9.1104 48.6903 46 0.149337 -2.99272 -3.11759 -13.91 23.7241 136.525 2 0.146734 3.10468 -3.11735 -7.82518 18.2145 105.831 16 0.175377 -0.02339 -3.11291 2.09808 19.6595 112.537 46 0.175377 0.021985 -3.11291 4.02787 15.3887 87.0726 16 0.175377 -0.117893 -3.11291 3.63159 11.4673 62.2249 46 0.175377 0.222145 -3.11291 4.15418 12.7505 66.712 2 0.175375 -1.78547 -3.11291 14.2786 9.02333 48.7194 70 0.171892 0.715922 -3.09637 19.3222 8.79487 46.7878 46 0.171892 -0.717895 -3.09637 28.0337 7.89851 38.1534 16 0.171894 -1.48252 -3.09638 13.4429 4.05366 15.9149 16 0.149337 -3.02272 -3.11759 -8.88099 11.1736 63.8437
ID_75d5bce55,28 0.169939 3.07384 -3.10252 -14.0844 7.02567 39.0706 71 0.132147 3.1054 3.09753 -19.4416 10.9346 62.681 16 0.132148 -0.130286 3.09753 14.5475 13.1386 69.2902 16 0.132146 -3.12152 3.09753 -15.3656 12.9951 77.617
